{
  "mae": 788.7639790585181,
  "mse": 785275.3866006262,
  "rmse": 886.1576533555562,
  "mape": 10.774205886463044
}