{
  "mae": 539.6592900049817,
  "mse": 396482.0641226903,
  "rmse": 629.6682174944915,
  "mape": 7.340264778250695
}